SET IDENTITY_INSERT [dbo].[City] ON 

INSERT [dbo].[City] ([Id], [Name]) VALUES (1, N'Минск')
SET IDENTITY_INSERT [dbo].[City] OFF
SET IDENTITY_INSERT [dbo].[LabType] ON 

INSERT [dbo].[LabType] ([Id], [Name]) VALUES (1, N'.net')
INSERT [dbo].[LabType] ([Id], [Name]) VALUES (2, N'java')
INSERT [dbo].[LabType] ([Id], [Name]) VALUES (4, N'js')
INSERT [dbo].[LabType] ([Id], [Name]) VALUES (3, N'qa')
INSERT [dbo].[LabType] ([Id], [Name]) VALUES (5, N'ruby')
SET IDENTITY_INSERT [dbo].[LabType] OFF
SET IDENTITY_INSERT [dbo].[Lab] ON 

INSERT [dbo].[Lab] ([Id], [TypeId], [CityId], [Name], [AdmissionStart], [AdmissionEnd], [TrainingStart], [TrainingEnd], [IsDraft]) VALUES (1, 2, 1, N'Full-Stack js Students lab', CAST(N'2018-03-01' AS Date), CAST(N'2018-09-01' AS Date), CAST(N'2018-07-01' AS Date), CAST(N'2018-08-01' AS Date), 0)
INSERT [dbo].[Lab] ([Id], [TypeId], [CityId], [Name], [AdmissionStart], [AdmissionEnd], [TrainingStart], [TrainingEnd], [IsDraft]) VALUES (2, 1, 1, N'Full-Stack js Students lab', CAST(N'2018-03-01' AS Date), CAST(N'2018-09-01' AS Date), CAST(N'2018-07-01' AS Date), CAST(N'2018-08-01' AS Date), 0)
INSERT [dbo].[Lab] ([Id], [TypeId], [CityId], [Name], [AdmissionStart], [AdmissionEnd], [TrainingStart], [TrainingEnd], [IsDraft]) VALUES (3, 1, 1, N'Full-Stack js Students lab', CAST(N'2018-03-01' AS Date), CAST(N'2018-02-01' AS Date), CAST(N'2018-07-01' AS Date), CAST(N'2018-07-01' AS Date), 0)
INSERT [dbo].[Lab] ([Id], [TypeId], [CityId], [Name], [AdmissionStart], [AdmissionEnd], [TrainingStart], [TrainingEnd], [IsDraft]) VALUES (4, 1, 1, N'Full-Stack js Students lab', CAST(N'2018-07-01' AS Date), CAST(N'2018-07-01' AS Date), CAST(N'2018-03-01' AS Date), CAST(N'2018-03-01' AS Date), 1)
INSERT [dbo].[Lab] ([Id], [TypeId], [CityId], [Name], [AdmissionStart], [AdmissionEnd], [TrainingStart], [TrainingEnd], [IsDraft]) VALUES (5, 2, 1, N'rtyh', CAST(N'2018-05-23' AS Date), CAST(N'2018-05-23' AS Date), CAST(N'2018-05-23' AS Date), CAST(N'2018-05-23' AS Date), 1)
SET IDENTITY_INSERT [dbo].[Lab] OFF
SET IDENTITY_INSERT [dbo].[Place] ON 

INSERT [dbo].[Place] ([Id], [Name]) VALUES (1, N'БГТУ')
SET IDENTITY_INSERT [dbo].[Place] OFF
SET IDENTITY_INSERT [dbo].[User] ON 

INSERT [dbo].[User] ([Id], [FirstName], [LastName], [Email], [PasswordHash], [Salt]) VALUES (3, N'Андрей', N'Шенец', N'1', 0x50619E3753FDBEF9B00CFC6817B6EFDBB81EBDF37934291215A048EA3B4BFF7247FF567B75592618B1B091A537A1C40628CF4507DE98DF7E7F5C12F989AA6B5A000000000000000000000000000000000000000000000000000000000000000000000000000000000000000000000000000000000000000000000000000000000000000000000000000000000000000000000000000000000000000000000000000000000000000000000000000000000000000000000000000000000000000000000000000000000000000000000000000000000000000000000000000000000000000000000000000000000000000000000000000000000000000000000000, 0xFAB40C09FA7DCA55686B1466A8F78C5B3F6F4CBA3B260A22A6AADFA41F4B788E71D52FA2C98EA4D2D080D0017345F43BF2FA89BA5B1C27C1CAA8001875C3D20F)
INSERT [dbo].[User] ([Id], [FirstName], [LastName], [Email], [PasswordHash], [Salt]) VALUES (44, N'123', N'123', N'123', 0x5B59A18D56E2773C21F3208AD22355F934911C1FAC4F2A361953FDD558980DF8226F209045713F4A4B585B6CBD70D1F76679C1626E81680AF16066A10E9687D9000000000000000000000000000000000000000000000000000000000000000000000000000000000000000000000000000000000000000000000000000000000000000000000000000000000000000000000000000000000000000000000000000000000000000000000000000000000000000000000000000000000000000000000000000000000000000000000000000000000000000000000000000000000000000000000000000000000000000000000000000000000000000000000000, 0x4B4EEBDD25E96CEAB9AA5093ED2BE081AD2907FA4A5BF9B3F57589B87B0E4FFA5EEDE953963DF9064186A4569363BDF202A4B4EC7F73A84DC5D010C28AF5610E)
SET IDENTITY_INSERT [dbo].[User] OFF
SET IDENTITY_INSERT [dbo].[Lecture] ON 

INSERT [dbo].[Lecture] ([Id], [LabId], [PlaceId], [LectorId], [DateTime], [Theme], [Duration]) VALUES (2, 1, 1, 3, CAST(N'2018-07-04T00:00:00.000' AS DateTime), N'Introductory', CAST(N'03:00:00' AS Time))
INSERT [dbo].[Lecture] ([Id], [LabId], [PlaceId], [LectorId], [DateTime], [Theme], [Duration]) VALUES (9, 2, 1, 3, CAST(N'2018-07-04T00:00:00.000' AS DateTime), N'Web-программирование. Архитектуры, форматы. Протоколы.', CAST(N'02:00:00' AS Time))
INSERT [dbo].[Lecture] ([Id], [LabId], [PlaceId], [LectorId], [DateTime], [Theme], [Duration]) VALUES (12, 2, 1, 3, CAST(N'2018-07-04T00:00:00.000' AS DateTime), N'ES2015+. Babel', CAST(N'01:30:00' AS Time))
SET IDENTITY_INSERT [dbo].[Lecture] OFF
SET IDENTITY_INSERT [dbo].[Attendance] ON 

INSERT [dbo].[Attendance] ([Id], [UserId], [LectureId]) VALUES (1, 3, 2)
SET IDENTITY_INSERT [dbo].[Attendance] OFF
SET IDENTITY_INSERT [dbo].[Role] ON 

INSERT [dbo].[Role] ([Id], [Name]) VALUES (3, N'Curator')
INSERT [dbo].[Role] ([Id], [Name]) VALUES (1, N'Lector')
INSERT [dbo].[Role] ([Id], [Name]) VALUES (2, N'Mentor')
INSERT [dbo].[Role] ([Id], [Name]) VALUES (4, N'Student')
SET IDENTITY_INSERT [dbo].[Role] OFF
SET IDENTITY_INSERT [dbo].[UserLabRole] ON 

INSERT [dbo].[UserLabRole] ([Id], [UserId], [RoleId], [LabId]) VALUES (1, 3, 1, 1)
SET IDENTITY_INSERT [dbo].[UserLabRole] OFF
SET IDENTITY_INSERT [dbo].[UserRole] ON 

INSERT [dbo].[UserRole] ([Id], [UserId], [RoleId]) VALUES (1, 3, 1)
INSERT [dbo].[UserRole] ([Id], [UserId], [RoleId]) VALUES (24, 44, 4)
SET IDENTITY_INSERT [dbo].[UserRole] OFF
